[{"model": "admin.logentry", "pk": 1, "fields": {"action_time": "2022-08-15T20:07:25.061Z", "user": 1, "content_type": 11, "object_id": "1", "object_repr": "Курица", "action_flag": 1, "change_message": "[{\"added\": {}}]"}}, {"model": "admin.logentry", "pk": 2, "fields": {"action_time": "2022-08-15T20:07:34.491Z", "user": 1, "content_type": 11, "object_id": "2", "object_repr": "Рыба", "action_flag": 1, "change_message": "[{\"added\": {}}]"}}, {"model": "admin.logentry", "pk": 3, "fields": {"action_time": "2022-08-15T20:07:41.161Z", "user": 1, "content_type": 11, "object_id": "3", "object_repr": "Вода", "action_flag": 1, "change_message": "[{\"added\": {}}]"}}, {"model": "admin.logentry", "pk": 4, "fields": {"action_time": "2022-08-15T20:07:46.280Z", "user": 1, "content_type": 11, "object_id": "4", "object_repr": "Мясо", "action_flag": 1, "change_message": "[{\"added\": {}}]"}}, {"model": "admin.logentry", "pk": 5, "fields": {"action_time": "2022-08-15T20:07:50.680Z", "user": 1, "content_type": 11, "object_id": "5", "object_repr": "Соль", "action_flag": 1, "change_message": "[{\"added\": {}}]"}}, {"model": "admin.logentry", "pk": 6, "fields": {"action_time": "2022-08-15T20:07:55.442Z", "user": 1, "content_type": 11, "object_id": "6", "object_repr": "Сахар", "action_flag": 1, "change_message": "[{\"added\": {}}]"}}, {"model": "admin.logentry", "pk": 7, "fields": {"action_time": "2022-08-15T20:09:53.902Z", "user": 1, "content_type": 14, "object_id": "1", "object_repr": "Мясо", "action_flag": 1, "change_message": "[{\"added\": {}}]"}}, {"model": "admin.logentry", "pk": 8, "fields": {"action_time": "2022-08-15T20:10:08.814Z", "user": 1, "content_type": 14, "object_id": "2", "object_repr": "Рыба", "action_flag": 1, "change_message": "[{\"added\": {}}]"}}, {"model": "admin.logentry", "pk": 9, "fields": {"action_time": "2022-08-15T20:10:33.023Z", "user": 1, "content_type": 14, "object_id": "3", "object_repr": "Закуски", "action_flag": 1, "change_message": "[{\"added\": {}}]"}}, {"model": "admin.logentry", "pk": 10, "fields": {"action_time": "2022-08-15T20:13:00.043Z", "user": 1, "content_type": 13, "object_id": "1", "object_repr": "Рыбные палочки", "action_flag": 1, "change_message": "[{\"added\": {}}]"}}, {"model": "admin.logentry", "pk": 11, "fields": {"action_time": "2022-08-15T20:13:45.738Z", "user": 1, "content_type": 13, "object_id": "2", "object_repr": "Мясной рулетик", "action_flag": 1, "change_message": "[{\"added\": {}}]"}}, {"model": "admin.logentry", "pk": 12, "fields": {"action_time": "2022-08-15T20:14:02.266Z", "user": 1, "content_type": 10, "object_id": "1", "object_repr": "Favorite object (1)", "action_flag": 1, "change_message": "[{\"added\": {}}]"}}, {"model": "admin.logentry", "pk": 13, "fields": {"action_time": "2022-08-15T20:14:08.398Z", "user": 1, "content_type": 10, "object_id": "2", "object_repr": "Favorite object (2)", "action_flag": 1, "change_message": "[{\"added\": {}}]"}}, {"model": "admin.logentry", "pk": 14, "fields": {"action_time": "2022-08-15T20:14:21.822Z", "user": 1, "content_type": 12, "object_id": "1", "object_repr": "IngredientQnt object (1)", "action_flag": 1, "change_message": "[{\"added\": {}}]"}}, {"model": "admin.logentry", "pk": 15, "fields": {"action_time": "2022-08-15T20:14:28.399Z", "user": 1, "content_type": 12, "object_id": "2", "object_repr": "IngredientQnt object (2)", "action_flag": 1, "change_message": "[{\"added\": {}}]"}}, {"model": "admin.logentry", "pk": 16, "fields": {"action_time": "2022-08-15T20:14:37.351Z", "user": 1, "content_type": 12, "object_id": "3", "object_repr": "IngredientQnt object (3)", "action_flag": 1, "change_message": "[{\"added\": {}}]"}}, {"model": "admin.logentry", "pk": 17, "fields": {"action_time": "2022-08-15T20:14:51.131Z", "user": 1, "content_type": 15, "object_id": "1", "object_repr": "ShoppingList object (1)", "action_flag": 1, "change_message": "[{\"added\": {}}]"}}, {"model": "admin.logentry", "pk": 18, "fields": {"action_time": "2022-08-15T20:15:00.241Z", "user": 1, "content_type": 15, "object_id": "2", "object_repr": "ShoppingList object (2)", "action_flag": 1, "change_message": "[{\"added\": {}}]"}}, {"model": "admin.logentry", "pk": 19, "fields": {"action_time": "2022-08-15T20:15:39.315Z", "user": 1, "content_type": 9, "object_id": "1", "object_repr": "Follow object (1)", "action_flag": 1, "change_message": "[{\"added\": {}}]"}}, {"model": "admin.logentry", "pk": 20, "fields": {"action_time": "2022-08-15T20:15:43.199Z", "user": 1, "content_type": 9, "object_id": "2", "object_repr": "Follow object (2)", "action_flag": 1, "change_message": "[{\"added\": {}}]"}}, {"model": "admin.logentry", "pk": 21, "fields": {"action_time": "2022-08-15T22:19:05.869Z", "user": 1, "content_type": 13, "object_id": "6", "object_repr": "Чудачный рецепт", "action_flag": 1, "change_message": "[{\"added\": {}}]"}}, {"model": "admin.logentry", "pk": 22, "fields": {"action_time": "2022-08-16T08:35:25.213Z", "user": 1, "content_type": 13, "object_id": "13", "object_repr": "чето из курцы", "action_flag": 3, "change_message": ""}}, {"model": "admin.logentry", "pk": 23, "fields": {"action_time": "2022-08-16T08:35:25.219Z", "user": 1, "content_type": 13, "object_id": "12", "object_repr": "чето из курцы", "action_flag": 3, "change_message": ""}}, {"model": "admin.logentry", "pk": 24, "fields": {"action_time": "2022-08-16T08:35:25.225Z", "user": 1, "content_type": 13, "object_id": "11", "object_repr": "чето из курцы", "action_flag": 3, "change_message": ""}}, {"model": "admin.logentry", "pk": 25, "fields": {"action_time": "2022-08-16T08:35:25.230Z", "user": 1, "content_type": 13, "object_id": "10", "object_repr": "чето из курцы", "action_flag": 3, "change_message": ""}}, {"model": "admin.logentry", "pk": 26, "fields": {"action_time": "2022-08-16T08:35:25.235Z", "user": 1, "content_type": 13, "object_id": "9", "object_repr": "чето из курцы", "action_flag": 3, "change_message": ""}}, {"model": "admin.logentry", "pk": 27, "fields": {"action_time": "2022-08-16T08:35:25.241Z", "user": 1, "content_type": 13, "object_id": "8", "object_repr": "чето из курцы", "action_flag": 3, "change_message": ""}}, {"model": "admin.logentry", "pk": 28, "fields": {"action_time": "2022-08-16T08:35:25.246Z", "user": 1, "content_type": 13, "object_id": "7", "object_repr": "чето из курцы", "action_flag": 3, "change_message": ""}}, {"model": "admin.logentry", "pk": 29, "fields": {"action_time": "2022-08-16T21:02:34.825Z", "user": 1, "content_type": 13, "object_id": "14", "object_repr": "чето новое из курцы 2", "action_flag": 2, "change_message": "[{\"changed\": {\"fields\": [\"\\u0421\\u043f\\u0438\\u0441\\u043e\\u043a \\u0438\\u043d\\u0433\\u0440\\u0435\\u0434\\u0438\\u0435\\u043d\\u0442\\u043e\\u0432\", \"\\u041a\\u0430\\u0440\\u0442\\u0438\\u043d\\u043a\\u0430, \\u0437\\u0430\\u043a\\u043e\\u0434\\u0438\\u0440\\u043e\\u0432\\u0430\\u043d\\u043d\\u0430\\u044f \\u0432 Base64\"]}}]"}}, {"model": "auth.permission", "pk": 1, "fields": {"name": "Can add log entry", "content_type": 1, "codename": "add_logentry"}}, {"model": "auth.permission", "pk": 2, "fields": {"name": "Can change log entry", "content_type": 1, "codename": "change_logentry"}}, {"model": "auth.permission", "pk": 3, "fields": {"name": "Can delete log entry", "content_type": 1, "codename": "delete_logentry"}}, {"model": "auth.permission", "pk": 4, "fields": {"name": "Can view log entry", "content_type": 1, "codename": "view_logentry"}}, {"model": "auth.permission", "pk": 5, "fields": {"name": "Can add permission", "content_type": 2, "codename": "add_permission"}}, {"model": "auth.permission", "pk": 6, "fields": {"name": "Can change permission", "content_type": 2, "codename": "change_permission"}}, {"model": "auth.permission", "pk": 7, "fields": {"name": "Can delete permission", "content_type": 2, "codename": "delete_permission"}}, {"model": "auth.permission", "pk": 8, "fields": {"name": "Can view permission", "content_type": 2, "codename": "view_permission"}}, {"model": "auth.permission", "pk": 9, "fields": {"name": "Can add group", "content_type": 3, "codename": "add_group"}}, {"model": "auth.permission", "pk": 10, "fields": {"name": "Can change group", "content_type": 3, "codename": "change_group"}}, {"model": "auth.permission", "pk": 11, "fields": {"name": "Can delete group", "content_type": 3, "codename": "delete_group"}}, {"model": "auth.permission", "pk": 12, "fields": {"name": "Can view group", "content_type": 3, "codename": "view_group"}}, {"model": "auth.permission", "pk": 13, "fields": {"name": "Can add content type", "content_type": 4, "codename": "add_contenttype"}}, {"model": "auth.permission", "pk": 14, "fields": {"name": "Can change content type", "content_type": 4, "codename": "change_contenttype"}}, {"model": "auth.permission", "pk": 15, "fields": {"name": "Can delete content type", "content_type": 4, "codename": "delete_contenttype"}}, {"model": "auth.permission", "pk": 16, "fields": {"name": "Can view content type", "content_type": 4, "codename": "view_contenttype"}}, {"model": "auth.permission", "pk": 17, "fields": {"name": "Can add session", "content_type": 5, "codename": "add_session"}}, {"model": "auth.permission", "pk": 18, "fields": {"name": "Can change session", "content_type": 5, "codename": "change_session"}}, {"model": "auth.permission", "pk": 19, "fields": {"name": "Can delete session", "content_type": 5, "codename": "delete_session"}}, {"model": "auth.permission", "pk": 20, "fields": {"name": "Can view session", "content_type": 5, "codename": "view_session"}}, {"model": "auth.permission", "pk": 21, "fields": {"name": "Can add Token", "content_type": 6, "codename": "add_token"}}, {"model": "auth.permission", "pk": 22, "fields": {"name": "Can change Token", "content_type": 6, "codename": "change_token"}}, {"model": "auth.permission", "pk": 23, "fields": {"name": "Can delete Token", "content_type": 6, "codename": "delete_token"}}, {"model": "auth.permission", "pk": 24, "fields": {"name": "Can view Token", "content_type": 6, "codename": "view_token"}}, {"model": "auth.permission", "pk": 25, "fields": {"name": "Can add token", "content_type": 7, "codename": "add_tokenproxy"}}, {"model": "auth.permission", "pk": 26, "fields": {"name": "Can change token", "content_type": 7, "codename": "change_tokenproxy"}}, {"model": "auth.permission", "pk": 27, "fields": {"name": "Can delete token", "content_type": 7, "codename": "delete_tokenproxy"}}, {"model": "auth.permission", "pk": 28, "fields": {"name": "Can view token", "content_type": 7, "codename": "view_tokenproxy"}}, {"model": "auth.permission", "pk": 29, "fields": {"name": "Can add Пользователь", "content_type": 8, "codename": "add_userprofile"}}, {"model": "auth.permission", "pk": 30, "fields": {"name": "Can change Пользователь", "content_type": 8, "codename": "change_userprofile"}}, {"model": "auth.permission", "pk": 31, "fields": {"name": "Can delete Пользователь", "content_type": 8, "codename": "delete_userprofile"}}, {"model": "auth.permission", "pk": 32, "fields": {"name": "Can view Пользователь", "content_type": 8, "codename": "view_userprofile"}}, {"model": "auth.permission", "pk": 33, "fields": {"name": "Can add follow", "content_type": 9, "codename": "add_follow"}}, {"model": "auth.permission", "pk": 34, "fields": {"name": "Can change follow", "content_type": 9, "codename": "change_follow"}}, {"model": "auth.permission", "pk": 35, "fields": {"name": "Can delete follow", "content_type": 9, "codename": "delete_follow"}}, {"model": "auth.permission", "pk": 36, "fields": {"name": "Can view follow", "content_type": 9, "codename": "view_follow"}}, {"model": "auth.permission", "pk": 37, "fields": {"name": "Can add favorite", "content_type": 10, "codename": "add_favorite"}}, {"model": "auth.permission", "pk": 38, "fields": {"name": "Can change favorite", "content_type": 10, "codename": "change_favorite"}}, {"model": "auth.permission", "pk": 39, "fields": {"name": "Can delete favorite", "content_type": 10, "codename": "delete_favorite"}}, {"model": "auth.permission", "pk": 40, "fields": {"name": "Can view favorite", "content_type": 10, "codename": "view_favorite"}}, {"model": "auth.permission", "pk": 41, "fields": {"name": "Can add ingredient", "content_type": 11, "codename": "add_ingredient"}}, {"model": "auth.permission", "pk": 42, "fields": {"name": "Can change ingredient", "content_type": 11, "codename": "change_ingredient"}}, {"model": "auth.permission", "pk": 43, "fields": {"name": "Can delete ingredient", "content_type": 11, "codename": "delete_ingredient"}}, {"model": "auth.permission", "pk": 44, "fields": {"name": "Can view ingredient", "content_type": 11, "codename": "view_ingredient"}}, {"model": "auth.permission", "pk": 45, "fields": {"name": "Can add ingredient qnt", "content_type": 12, "codename": "add_ingredientqnt"}}, {"model": "auth.permission", "pk": 46, "fields": {"name": "Can change ingredient qnt", "content_type": 12, "codename": "change_ingredientqnt"}}, {"model": "auth.permission", "pk": 47, "fields": {"name": "Can delete ingredient qnt", "content_type": 12, "codename": "delete_ingredientqnt"}}, {"model": "auth.permission", "pk": 48, "fields": {"name": "Can view ingredient qnt", "content_type": 12, "codename": "view_ingredientqnt"}}, {"model": "auth.permission", "pk": 49, "fields": {"name": "Can add recipe", "content_type": 13, "codename": "add_recipe"}}, {"model": "auth.permission", "pk": 50, "fields": {"name": "Can change recipe", "content_type": 13, "codename": "change_recipe"}}, {"model": "auth.permission", "pk": 51, "fields": {"name": "Can delete recipe", "content_type": 13, "codename": "delete_recipe"}}, {"model": "auth.permission", "pk": 52, "fields": {"name": "Can view recipe", "content_type": 13, "codename": "view_recipe"}}, {"model": "auth.permission", "pk": 53, "fields": {"name": "Can add tag", "content_type": 14, "codename": "add_tag"}}, {"model": "auth.permission", "pk": 54, "fields": {"name": "Can change tag", "content_type": 14, "codename": "change_tag"}}, {"model": "auth.permission", "pk": 55, "fields": {"name": "Can delete tag", "content_type": 14, "codename": "delete_tag"}}, {"model": "auth.permission", "pk": 56, "fields": {"name": "Can view tag", "content_type": 14, "codename": "view_tag"}}, {"model": "auth.permission", "pk": 57, "fields": {"name": "Can add shopping list", "content_type": 15, "codename": "add_shoppinglist"}}, {"model": "auth.permission", "pk": 58, "fields": {"name": "Can change shopping list", "content_type": 15, "codename": "change_shoppinglist"}}, {"model": "auth.permission", "pk": 59, "fields": {"name": "Can delete shopping list", "content_type": 15, "codename": "delete_shoppinglist"}}, {"model": "auth.permission", "pk": 60, "fields": {"name": "Can view shopping list", "content_type": 15, "codename": "view_shoppinglist"}}, {"model": "contenttypes.contenttype", "pk": 1, "fields": {"app_label": "admin", "model": "logentry"}}, {"model": "contenttypes.contenttype", "pk": 2, "fields": {"app_label": "auth", "model": "permission"}}, {"model": "contenttypes.contenttype", "pk": 3, "fields": {"app_label": "auth", "model": "group"}}, {"model": "contenttypes.contenttype", "pk": 4, "fields": {"app_label": "contenttypes", "model": "contenttype"}}, {"model": "contenttypes.contenttype", "pk": 5, "fields": {"app_label": "sessions", "model": "session"}}, {"model": "contenttypes.contenttype", "pk": 6, "fields": {"app_label": "authtoken", "model": "token"}}, {"model": "contenttypes.contenttype", "pk": 7, "fields": {"app_label": "authtoken", "model": "tokenproxy"}}, {"model": "contenttypes.contenttype", "pk": 8, "fields": {"app_label": "users", "model": "userprofile"}}, {"model": "contenttypes.contenttype", "pk": 9, "fields": {"app_label": "users", "model": "follow"}}, {"model": "contenttypes.contenttype", "pk": 10, "fields": {"app_label": "api", "model": "favorite"}}, {"model": "contenttypes.contenttype", "pk": 11, "fields": {"app_label": "api", "model": "ingredient"}}, {"model": "contenttypes.contenttype", "pk": 12, "fields": {"app_label": "api", "model": "ingredientqnt"}}, {"model": "contenttypes.contenttype", "pk": 13, "fields": {"app_label": "api", "model": "recipe"}}, {"model": "contenttypes.contenttype", "pk": 14, "fields": {"app_label": "api", "model": "tag"}}, {"model": "contenttypes.contenttype", "pk": 15, "fields": {"app_label": "api", "model": "shoppinglist"}}, {"model": "sessions.session", "pk": "drb2iux3r1dspz6k79r77fffp5mgq785", "fields": {"session_data": ".eJxVjDsOwjAQBe_iGlm24y8lPWewdtdrHECJFCcV4u4QKQW0b2beS2TY1pa3zkseizgLLU6_GwI9eNpBucN0myXN07qMKHdFHrTL61z4eTncv4MGvX1rEzh5jKB8dQRKsS9BoR1stAMhUU2OsKjgfLEYExgDGkFrjZYrGxTvD-0YOHg:1oLNpx:TnmMB1DqJa1YVAGVyk31B2d1ZsDdNiNm4G3eQjnGBJk", "expire_date": "2022-08-23T11:55:53.830Z"}}, {"model": "authtoken.token", "pk": "2c85094aa20e27f5e9e813160d1f5b9bd0e7e3f3", "fields": {"user": 7, "created": "2022-08-15T20:16:34.591Z"}}, {"model": "authtoken.token", "pk": "4a318162d273c4629b94470dee798461365fe5cc", "fields": {"user": 8, "created": "2022-08-16T11:07:43.037Z"}}, {"model": "authtoken.token", "pk": "5ba65bd597a9e61f69e967866825472f78d33e4f", "fields": {"user": 6, "created": "2022-08-15T19:45:31.763Z"}}, {"model": "authtoken.token", "pk": "ba8d3b14ade0d02995fb5a6c232d92a270ba7863", "fields": {"user": 4, "created": "2022-08-10T14:43:37.459Z"}}, {"model": "users.userprofile", "pk": 1, "fields": {"password": "pbkdf2_sha256$320000$PF60D5IK1KFbxeu2YN62ut$i4X0n7zkl9S6STzlIQAthB+AHkm3lnBjIoHQBa940QI=", "last_login": "2022-08-09T11:55:53.824Z", "is_superuser": true, "is_staff": true, "is_active": true, "date_joined": "2022-08-09T11:49:29.232Z", "email": "pmatyusov@gmail.com", "username": "pmatyusov", "first_name": "Pavel", "last_name": "Matyusov", "groups": [], "user_permissions": []}}, {"model": "users.userprofile", "pk": 2, "fields": {"password": "pbkdf2_sha256$320000$lQmPcYAyLYj2Bbp9aW3DA4$Mkn4CRQKITSttIQ9MWQMijSqO+XimApyT5Ai9gmKbfM=", "last_login": null, "is_superuser": false, "is_staff": false, "is_active": true, "date_joined": "2022-08-10T14:07:37.848Z", "email": "test1@gmail.com", "username": "test_user_1", "first_name": "Тестовый", "last_name": "Парень", "groups": [], "user_permissions": []}}, {"model": "users.userprofile", "pk": 3, "fields": {"password": "pbkdf2_sha256$320000$DcWQxwcfQVkkhnYgqoNCTD$IB5x5pmUJKl5S0cYcVQEwNUaP/qbOTtsJzLi2PM3zGo=", "last_login": null, "is_superuser": false, "is_staff": false, "is_active": true, "date_joined": "2022-08-10T14:24:13.456Z", "email": "test2@gmail.com", "username": "matyusovp2@gmail.com", "first_name": "Анжела", "last_name": "Френсис", "groups": [], "user_permissions": []}}, {"model": "users.userprofile", "pk": 4, "fields": {"password": "pbkdf2_sha256$320000$phoKmU0rnx4AsZ8yuXuEMK$giFfU+yzcUHl8A+PSscdj6a+WfntfBleLxrRw+eOdYY=", "last_login": "2022-08-10T14:43:37.465Z", "is_superuser": false, "is_staff": false, "is_active": true, "date_joined": "2022-08-10T14:30:51.265Z", "email": "matyusovp@gmail.com", "username": "Bizewka", "first_name": "Павел", "last_name": "Матюсов", "groups": [], "user_permissions": []}}, {"model": "users.userprofile", "pk": 5, "fields": {"password": "pbkdf2_sha256$320000$jErCS5Q9MwNlYm6jWiJXov$CGsH0tvmWZd5IJS8FKiOP//jCmpM3eS4pDEuUObpvpA=", "last_login": null, "is_superuser": false, "is_staff": false, "is_active": true, "date_joined": "2022-08-12T12:48:00.692Z", "email": "matyusovp22@gmail.com", "username": "Тестовый", "first_name": "Где пароль", "last_name": "Отвечай", "groups": [], "user_permissions": []}}, {"model": "users.userprofile", "pk": 6, "fields": {"password": "pbkdf2_sha256$320000$1fXVkpwTOSmtTZbuTPgeC5$RXtoUnufjdPxBD4x3W/6vVcYECI9Ene+j2WABylGwFo=", "last_login": "2022-08-15T19:45:31.768Z", "is_superuser": false, "is_staff": false, "is_active": true, "date_joined": "2022-08-15T19:45:05.516Z", "email": "matyusovp3@gmail.com", "username": "Тестовый2", "first_name": "Где пароль", "last_name": "Отвечай", "groups": [], "user_permissions": []}}, {"model": "users.userprofile", "pk": 7, "fields": {"password": "pbkdf2_sha256$320000$lCwAbWzaCnHTrxEDQhUhA6$0VQBOFa9smTmKWEy1E53E6/JcuW4v28g+4ooXl0nQp0=", "last_login": "2022-08-15T20:16:34.596Z", "is_superuser": false, "is_staff": false, "is_active": true, "date_joined": "2022-08-15T20:16:12.161Z", "email": "matyusovp44@gmail.com", "username": "Тестовый3", "first_name": "Где пароль", "last_name": "Отвечай", "groups": [], "user_permissions": []}}, {"model": "users.userprofile", "pk": 8, "fields": {"password": "pbkdf2_sha256$320000$EKYkDPHNZNBTbdTYbk2bYR$Ha3ER2evgxj2LGQHKme7jAta72KWldetAQtpGTMrFYM=", "last_login": "2022-08-16T11:07:43.042Z", "is_superuser": false, "is_staff": false, "is_active": true, "date_joined": "2022-08-16T11:07:33.561Z", "email": "matyusovp444@gmail.com", "username": "Тестовый4", "first_name": "Где пароль", "last_name": "Отвечай", "groups": [], "user_permissions": []}}, {"model": "users.follow", "pk": 1, "fields": {"user": 6, "following": 1}}, {"model": "users.follow", "pk": 2, "fields": {"user": 6, "following": 4}}, {"model": "api.ingredient", "pk": 1, "fields": {"name": "Курица", "measurement_unit": "кг"}}, {"model": "api.ingredient", "pk": 2, "fields": {"name": "Рыба", "measurement_unit": "г"}}, {"model": "api.ingredient", "pk": 3, "fields": {"name": "Вода", "measurement_unit": "л"}}, {"model": "api.ingredient", "pk": 4, "fields": {"name": "Мясо", "measurement_unit": "кг"}}, {"model": "api.ingredient", "pk": 5, "fields": {"name": "Соль", "measurement_unit": "г"}}, {"model": "api.ingredient", "pk": 6, "fields": {"name": "Сахар", "measurement_unit": "г"}}, {"model": "api.tag", "pk": 1, "fields": {"name": "Мясо", "color": "#B22222", "slug": "meat"}}, {"model": "api.tag", "pk": 2, "fields": {"name": "Рыба", "color": "#FA8072", "slug": "fish"}}, {"model": "api.tag", "pk": 3, "fields": {"name": "Закуски", "color": "#F5F5DC", "slug": "other"}}, {"model": "api.recipe", "pk": 1, "fields": {"author": 5, "name": "Рыбные палочки", "image": "recipes/2567803.jpg", "text": "Вкуснейшие рыбные палочки. \r\nВаришь, жаришь и готово", "cooking_time": 30, "tags": [3, 2], "ingredients": [5, 3, 2]}}, {"model": "api.recipe", "pk": 2, "fields": {"author": 1, "name": "Мясной рулетик", "image": "recipes/91900fcd38bdf1b84b079a68829687de.jpeg", "text": "Бам и готово.", "cooking_time": 56, "tags": [1], "ingredients": [4, 2, 1]}}, {"model": "api.recipe", "pk": 3, "fields": {"author": 7, "name": "рецепт такой", "image": "", "text": "Очень вкусный", "cooking_time": 30, "tags": [1], "ingredients": []}}, {"model": "api.recipe", "pk": 4, "fields": {"author": 7, "name": "чето из курцы", "image": "", "text": "Очень вкусный", "cooking_time": 20, "tags": [1], "ingredients": []}}, {"model": "api.recipe", "pk": 5, "fields": {"author": 7, "name": "чето из курцы", "image": "", "text": "Очень вкусный", "cooking_time": 20, "tags": [1], "ingredients": []}}, {"model": "api.recipe", "pk": 6, "fields": {"author": 6, "name": "Чудачный рецепт", "image": "recipes/91900fcd38bdf1b84b079a68829687de_y6wuiRY.jpeg", "text": "УУУУ какое чудо", "cooking_time": 22, "tags": [1], "ingredients": [4]}}, {"model": "api.recipe", "pk": 14, "fields": {"author": 7, "name": "чето новое из курцы 4", "image": "", "text": "Очень вкусный 4", "cooking_time": 4, "tags": [1], "ingredients": []}}, {"model": "api.recipe", "pk": 15, "fields": {"author": 7, "name": "чето из курцы22", "image": "", "text": "Очень вкусный", "cooking_time": 20, "tags": [1], "ingredients": []}}, {"model": "api.recipe", "pk": 16, "fields": {"author": 7, "name": "чето из курцы22", "image": "", "text": "Очень вкусный", "cooking_time": 20, "tags": [1], "ingredients": []}}, {"model": "api.recipe", "pk": 17, "fields": {"author": 7, "name": "ghjdthrf", "image": "", "text": "Очень вкусный", "cooking_time": 20, "tags": [1], "ingredients": []}}, {"model": "api.recipe", "pk": 18, "fields": {"author": 7, "name": "ghjdthrf", "image": "", "text": "Очень вкусный 222", "cooking_time": 20, "tags": [1], "ingredients": []}}, {"model": "api.shoppinglist", "pk": 1, "fields": {"user": 6, "recipe": 2}}, {"model": "api.shoppinglist", "pk": 2, "fields": {"user": 1, "recipe": 1}}, {"model": "api.shoppinglist", "pk": 3, "fields": {"user": 8, "recipe": 3}}, {"model": "api.shoppinglist", "pk": 4, "fields": {"user": 8, "recipe": 4}}, {"model": "api.favorite", "pk": 1, "fields": {"user": 6, "recipe": 2}}, {"model": "api.favorite", "pk": 2, "fields": {"user": 4, "recipe": 1}}, {"model": "api.favorite", "pk": 3, "fields": {"user": 8, "recipe": 4}}, {"model": "api.favorite", "pk": 4, "fields": {"user": 8, "recipe": 3}}, {"model": "api.ingredientqnt", "pk": 1, "fields": {"recipe": 2, "ingredient": 4, "amount": 20}}, {"model": "api.ingredientqnt", "pk": 2, "fields": {"recipe": 2, "ingredient": 5, "amount": 23}}, {"model": "api.ingredientqnt", "pk": 3, "fields": {"recipe": 2, "ingredient": 3, "amount": 22}}, {"model": "api.ingredientqnt", "pk": 4, "fields": {"recipe": 3, "ingredient": 1, "amount": 10}}, {"model": "api.ingredientqnt", "pk": 10, "fields": {"recipe": 15, "ingredient": 2, "amount": 20}}, {"model": "api.ingredientqnt", "pk": 11, "fields": {"recipe": 16, "ingredient": 2, "amount": 20}}, {"model": "api.ingredientqnt", "pk": 12, "fields": {"recipe": 17, "ingredient": 2, "amount": 20}}, {"model": "api.ingredientqnt", "pk": 25, "fields": {"recipe": 18, "ingredient": 2, "amount": 20}}, {"model": "api.ingredientqnt", "pk": 26, "fields": {"recipe": 14, "ingredient": 2, "amount": 2223}}]